-- phpMyAdmin SQL Dump
-- version 4.9.1
-- https://www.phpmyadmin.net/
--
-- Host: localhost
-- Generation Time: Mar 12, 2020 at 08:08 AM
-- Server version: 8.0.17
-- PHP Version: 7.3.10

SET SQL_MODE = "NO_AUTO_VALUE_ON_ZERO";
SET AUTOCOMMIT = 0;
START TRANSACTION;
SET time_zone = "+00:00";


/*!40101 SET @OLD_CHARACTER_SET_CLIENT=@@CHARACTER_SET_CLIENT */;
/*!40101 SET @OLD_CHARACTER_SET_RESULTS=@@CHARACTER_SET_RESULTS */;
/*!40101 SET @OLD_COLLATION_CONNECTION=@@COLLATION_CONNECTION */;
/*!40101 SET NAMES utf8mb4 */;

--
-- Database: `table_leavesystem`
--

-- --------------------------------------------------------

--
-- Table structure for table `department`
--

CREATE TABLE `department` (
  `Dept_ID` varchar(10) NOT NULL COMMENT 'รหัสแผนก',
  `DeptName` varchar(100) CHARACTER SET utf8 COLLATE utf8_general_ci DEFAULT NULL COMMENT 'ชื่อแผนก',
  `Sector_ID` varchar(10) CHARACTER SET utf8 COLLATE utf8_general_ci NOT NULL COMMENT 'รหัสฝ่ายงาน'
) ENGINE=InnoDB DEFAULT CHARSET=utf8;

--
-- Dumping data for table `department`
--

INSERT INTO `department` (`Dept_ID`, `DeptName`, `Sector_ID`) VALUES
('1001', 'แผนกงานธุรการสำนัก', '301'),
('1002', 'แผนกงานห้องสมุด', '301'),
('1003', 'แผนกงานศุนย์การเรียนรู้ด้วยตนเอง', '302'),
('1004', 'แผนกงานวิศวกรรมเครือข่าย', '302'),
('1005', 'แผนกงานอีเลิร์นนิ่งและเทคโนโลยีการศึกษา', '303'),
('1006', 'ระบบสารสนเทศเพื่อการบริหาร', '301');

-- --------------------------------------------------------

--
-- Table structure for table `employee`
--

CREATE TABLE `employee` (
  `Emp_ID` varchar(20) CHARACTER SET utf8 COLLATE utf8_general_ci NOT NULL,
  `Prefix` varchar(6) CHARACTER SET utf8 COLLATE utf8_general_ci DEFAULT NULL,
  `EmpName` varchar(10) CHARACTER SET utf8 COLLATE utf8_general_ci DEFAULT NULL,
  `EmpLastName` varchar(15) CHARACTER SET utf8 COLLATE utf8_general_ci DEFAULT NULL,
  `Sex` varchar(4) CHARACTER SET utf8 COLLATE utf8_general_ci DEFAULT NULL,
  `Birthday` varchar(8) CHARACTER SET utf8 COLLATE utf8_general_ci DEFAULT NULL,
  `Age` varchar(3) CHARACTER SET utf8 COLLATE utf8_general_ci DEFAULT NULL,
  `Address` varchar(7) CHARACTER SET utf8 COLLATE utf8_general_ci DEFAULT NULL,
  `Tel` varchar(3) CHARACTER SET utf8 COLLATE utf8_general_ci DEFAULT NULL,
  `Username` varchar(8) CHARACTER SET utf8 COLLATE utf8_general_ci DEFAULT NULL,
  `Password` varchar(8) CHARACTER SET utf8 COLLATE utf8_general_ci DEFAULT NULL,
  `Work_day` varchar(8) CHARACTER SET utf8 COLLATE utf8_general_ci DEFAULT NULL,
  `Duration_work` varchar(13) CHARACTER SET utf8 COLLATE utf8_general_ci DEFAULT NULL,
  `SendingLeaveStatus` varchar(10) NOT NULL COMMENT 'สถานะการส่งใบลา',
  `Empstatus_ID` varchar(12) CHARACTER SET utf8 COLLATE utf8_general_ci DEFAULT NULL,
  `Position_ID` varchar(11) CHARACTER SET utf8 COLLATE utf8_general_ci DEFAULT NULL,
  `Dept_ID` varchar(7) CHARACTER SET utf8 COLLATE utf8_general_ci DEFAULT NULL,
  `Sector_ID` varchar(9) CHARACTER SET utf8 COLLATE utf8_general_ci DEFAULT NULL,
  `Leave_ID` varchar(8) CHARACTER SET utf8 COLLATE utf8_general_ci DEFAULT NULL
) ENGINE=InnoDB DEFAULT CHARSET=utf8;

--
-- Dumping data for table `employee`
--

INSERT INTO `employee` (`Emp_ID`, `Prefix`, `EmpName`, `EmpLastName`, `Sex`, `Birthday`, `Age`, `Address`, `Tel`, `Username`, `Password`, `Work_day`, `Duration_work`, `SendingLeaveStatus`, `Empstatus_ID`, `Position_ID`, `Dept_ID`, `Sector_ID`, `Leave_ID`) VALUES
('1000.11.170', 'นางสาว', 'จิตติรัตน์', 'มาบจะบก', 'หญิง', '', '', '', '', '', '', '', '', '', '202', '5006', 'null', '', ''),
('1000.11.194', 'นางสาว', 'อุดมลักษณ์', 'พึ่งอารมณ์', 'หญิง', '', '', '', '', '', '', '', '', '', '104', '', '', '', ''),
('1000.14.172', 'นางสาว', 'กาญจนาภรณ์', 'เจนศิริวงษ์', 'หญิง', '', '', '', '', '', '', '', '', '', '104', '5015', '1005', '', ''),
('1000.14.178', 'นางสาว', 'นาตยา', 'ธารณะกลาง', 'หญิง', '', '', '', '', '', '', '', '', '', '202', '5015', '1001', '', ''),
('1000.2.184', 'นางสาว', 'อนัญญา', 'สีกระโทก', 'หญิง', '', '', '', '', '', '', '', '', '', '104', '5022', '1001', '', ''),
('1000.2.188', 'นางสาว', 'อัจฉรา', 'เทือกพุดซา', 'หญิง', '', '', '', '', '', '', '', '', '', '104', '5022', '1001', '', ''),
('1000.2.189', 'นาง', 'จุฑารัตน์', 'บุญคำ', 'หญิง', '', '', '', '', '', '', '', '', '', '104', '5022', '1006', '', ''),
('1000.2.190', 'นางสาว', 'พิมพ์ชนก', 'แยกโคกสูง', 'หญิง', '', '', '', '', '', '', '', '', '', '104', '5022', '1001', '', ''),
('1000.25.191', 'นาย', 'ศุภกร', 'จันทเสวต', 'ชาย', '', '', '', '', '', '', '', '', '', '104', '5018', '1002', '', ''),
('1000.27.186', 'นาย', 'วิโรจน์', 'ธรรมวัตร์', 'ชาย', '', '', '', '', '', '', '', '', '', '104', '5020', '1005', '', ''),
('1000.27.195', 'นาย', 'ราเมศร์', 'ประเสริฐกลาง', 'ชาย', '', '', '', '', 'ttt', 'ttt', '', '', '', '202', '5016', '1005', '301', ''),
('1000.3.164', 'นางสาว', 'พรทิพย์', 'บั้งจันอัด', 'หญิง', '', '', '', '', '', '', '', '', '', '104', '5022', '1001', '', ''),
('1000.3.177', 'นาย', 'ประภวิชญ์', 'บรรจงกุล', 'ชาย', '', '', '', '', '', '', '', '', '', '104', '5022', '1001', '', ''),
('1000.3.179', 'นาย', 'กฤษฎา', 'ยงย่วน', 'ชาย', '', '', '', '', '', '', '', '', '', '104', '5022', '1001', '', ''),
('1000.3.185', 'นางสาว', 'อาจารี', 'จรานุวัฒน์', 'หญิง', '', '', '', '', '', '', '', '', '', '104', '5020', '1005', '', ''),
('1000.3.96', 'นาย', 'มาโนช', 'อุทรส', 'ชาย', '', '', '', '', '', '', '', '', '', '104', '5014', '1001', '', ''),
('1000.34.166', 'นาย', 'วินิจ', 'การชงัด', 'ชาย', '', '', '', '', '', '', '', '', '', '104', '5017', '1002', '', ''),
('1000.34.167', 'นาย', 'ไพล', 'เพราะผักแว่น', 'ชาย', '', '', '', '', '', '', '', '', '', '104', '5017', '1002', '', ''),
('1000.8.163', 'นางสาว', 'ศิรินภา', 'แสงสุขสว่าง', 'หญิง', '', '', '', '', '', '', '', '', '', '104', '5014', '1001', '', ''),
('1000.8.171', 'นางสาว', 'กิติยา', 'นิวาศานนท์', 'หญิง', '', '', '', '', '', '', '', '', '', '104', '5014', '1002', '', ''),
('1000.8.173', 'นาย', 'เชิดชัย', 'คนรู้', 'ชาย', '', '', '', '', '', '', '', '', '', '104', '5014', '1004', '', ''),
('1000.8.180', 'นางสาว', 'มยุรี', 'รุนสูงเนิน', 'หญิง', '', '', '', '', '', '', '', '', '', '104', '5014', '1006', '', ''),
('1000.8.181', 'นาย', 'จักรพงษ์', 'ทาวะรมย์', 'ชาย', '', '', '', '', '', '', '', '', '', '104', '5014', '1001', '', ''),
('1000.8.192', 'นางสาว', 'เมธวดี', 'กรองโพธิ์', 'หญิง', '', '', '', '', '', '', '', '', '', '104', '5014', '1005', '', ''),
('1000.8.193', 'นาย', 'พีระยุทธ', 'หมื่นบุญมี', 'ชาย', '', '', '', '', '', '', '', '', '', '104', '5014', '1001', '', ''),
('1000.87.174', 'นาย', 'มงคล', 'ทองคำ', 'ชาย', '', '', '', '', '', '', '', '', '', '104', '5016', '1001', '', ''),
('1000.87.175', 'นาย', 'พลากร', 'ชาญสูงเนิน', 'ชาย', '', '', '', '', '', '', '', '', '', '104', '5016', '1001', '', ''),
('13', 'นาย', 'ทศพล', 'บุญใส', 'ชาย', '', '25', '50/6', '', 'tospron', 'tospron', '', '2', '', '201', '5016', '1003', '301', ''),
('242', 'ผศ.', 'พรภัสสร', 'อ่อนเกิด', 'หญิง', '', '', '', '', '', '', '', '', '', '203', '5002', '', '', ''),
('256', 'ผศ.', 'อภิชาต', 'ติรประเสริฐสิน', 'ชาย', '', '', '', '', 'aaa', 'aaa', '', '', '', '203', '5001', '1001', '301', ''),
('5229007.02', 'นาย', 'สุเทพ', 'ยนต์พิมาย', 'ชาย', '', '', '', '', '', '', '', '', '', '105', '5004', '1001', '', ''),
('5329018.02', 'นางสาว', 'กัญญาภัทร', 'ชูพุทธพงษ์', 'หญิง', '', '', '', '', '', '', '', '', '', '105', '5019', '1001', '', ''),
('5329019.02', 'นาง', 'รติมา', 'ปลั่งกลาง', 'หญิง', '', '', '', '', '', '', '', '', '', '105', '5021', '1001', '', ''),
('5329020.02', 'นาง', 'ปวีณา', 'นาดี', 'หญิง', '', '', '', '', 'pavena', 'pavena', '', '', '', '202', '5023', '1001', '301', ''),
('5329021.02', 'นาง', 'วันวิสาข์', 'ยนต์พิมาย', 'หญิง', '', '', '', '', '', '', '', '', '', '105', '5022', '1001', '', ''),
('5329022.02', 'นางสาว', 'สาวอุไร', 'แสงศิริ', 'หญิง', '', '', '', '', '', '', '', '', '', '105', '5007', '1001', '', ''),
('5329023.02', 'นาย', 'ชัยวัฒน์', 'แดงจันทึก', 'ชาย', '', '', '', '', 'chaiwat', 'chaiwat', '', '', '', '105', '5010', '1001', '301', ''),
('5329032.02', 'นาย', 'สายชล', 'สารนอก', 'ชาย', '', '', '', '', '', '', '', '', '', '105', '5019', '1001', '', ''),
('5329107', 'นางสาว', 'นรารักษ์', 'บุตรชา', 'หญิง', '', '', '', '', '', '', '', '', '', '106', '5003', '1001', '', ''),
('5429012.02', 'นางสาว', 'ชนัญชิดา', 'เลิศจะบก', 'หญิง', '', '', '', '', '', '', '', '', '', 'null', '5008', '1001', '', ''),
('5429016.02', 'นางสาว', 'ลำแพน', 'กลิ่นพยอม', 'หญิง', '', '', '', '', '', '', '', '', '', '105', '5009', '1001', '', ''),
('5429017.02', 'นาง', 'ณัฐชนันย์', 'ฉายะพงษ์', 'หญิง', '', '', '', '', '', '', '', '', '', '105', '5006', '1001', '', ''),
('5429018.02', 'นางสาว', 'อาภาพร', 'สุประดิษฐ์', 'หญิง', '', '', '', '', '', '', '', '', '', '105', '5019', '1001', '', ''),
('5429024.02', 'นาย', 'ธีรธรรม์', 'โรจจนรุ่งสถิตย์', 'ชาย', '', '', '', '', '', '', '', '', '', '105', '5012', '1001', '', ''),
('5429110', 'นางสาว', 'อรวรรณ', 'พรตะคุ', 'หญิง', '', '', '', '', '', '', '', '', '', '105', '5013', '1001', '', ''),
('5629020.02', 'นาง', 'สุรวดี', 'กอคูณกลาง', 'หญิง', '', '', '', '', '', '', '', '', '', '105', '5022', '1001', '', ''),
('5629021.02', 'นาง', 'รัชดาพร', 'บุญไมตรี', 'หญิง', '', '', '', '', '', '', '', '', '', '105', '5021', '1001', '', ''),
('5629022.02', 'นาย', 'รัญชน์', 'แถวโสภา', 'ชาย', '', '', '', '', '', '', '', '', '', '105', '5005', '1001', '', ''),
('5829006.02', 'นางสาว', 'วิลาวัณย์', 'แสนสุข', 'หญิง', '', '', '', '', '', '', '', '', '', '105', '5021', '1001', '', ''),
('5829011.02', 'นาย', 'ทิวธวัช', 'เมฆวิชัย', 'ชาย', '', '', '', '', '', '', '', '', '', '105', '5019', '1001', '', ''),
('5829013.02', 'นางสาว', 'ทัศนีย์', 'เปรียบจันทึก', 'หญิง', '', '', '', '', '', '', '', '', '', '202', '5022', '1001', '', '');

-- --------------------------------------------------------

--
-- Table structure for table `employeestatus`
--

CREATE TABLE `employeestatus` (
  `Empstatus_ID` varchar(10) NOT NULL COMMENT 'รหัสสถานะบุคลากร',
  `EmpstatusName` varchar(100) NOT NULL COMMENT 'สถานะบุคลากร'
) ENGINE=InnoDB DEFAULT CHARSET=utf8;

--
-- Dumping data for table `employeestatus`
--

INSERT INTO `employeestatus` (`Empstatus_ID`, `EmpstatusName`) VALUES
('201', 'ลูกจ้างเงินรายได้'),
('202', 'พนักงานมหาวิทยาลัย'),
('203', 'ราชการ');

-- --------------------------------------------------------

--
-- Table structure for table `leave`
--

CREATE TABLE `leave` (
  `Leave_ID` int(20) NOT NULL COMMENT 'รหัสการลา',
  `Emp_ID` varchar(20) CHARACTER SET utf8 COLLATE utf8_general_ci NOT NULL COMMENT 'รหัสพนักงาน',
  `Name_Leave` varchar(255) CHARACTER SET utf8 COLLATE utf8_general_ci NOT NULL COMMENT 'เรื่องของการลา',
  `To_Person` varchar(255) CHARACTER SET utf8 COLLATE utf8_general_ci NOT NULL COMMENT 'ส่งหา',
  `LeaveDateStart` date NOT NULL COMMENT 'วันเริ่มลา',
  `LeaveDateLast` date NOT NULL COMMENT 'วันสิ้นสุดการลา',
  `LeaveData` varchar(255) CHARACTER SET utf8 COLLATE utf8_general_ci NOT NULL COMMENT 'ข้อมูลการลา',
  `ContactInformation` varchar(255) CHARACTER SET utf8 COLLATE utf8_general_ci NOT NULL COMMENT 'ข้อมูลการติดต่อ',
  `LeaveTotal` int(10) NOT NULL COMMENT 'จำนวนการลา',
  `LeaveStatus` varchar(20) CHARACTER SET utf8 COLLATE utf8_general_ci NOT NULL COMMENT 'สถานะการลา',
  `UploadFile` blob NOT NULL COMMENT 'อัปโหลดไฟล์',
  `Response_Time` datetime NOT NULL COMMENT 'เวลาที่ตอบรับ',
  `Person_Code_Allow` varchar(20) CHARACTER SET utf8 COLLATE utf8_general_ci NOT NULL COMMENT 'รหัสผู้อนุญาต'
) ENGINE=InnoDB DEFAULT CHARSET=utf8mb4 COLLATE=utf8mb4_0900_ai_ci;

--
-- Dumping data for table `leave`
--

INSERT INTO `leave` (`Leave_ID`, `Emp_ID`, `Name_Leave`, `To_Person`, `LeaveDateStart`, `LeaveDateLast`, `LeaveData`, `ContactInformation`, `LeaveTotal`, `LeaveStatus`, `UploadFile`, `Response_Time`, `Person_Code_Allow`) VALUES
(46, '1000.27.195', 'ขอลาป่วย', 'ผู้อำนวยการ', '2020-03-08', '2020-03-09', 'ไม่สบาย', '', 1, '', '', '0000-00-00 00:00:00', '');

-- --------------------------------------------------------

--
-- Table structure for table `leavetype`
--

CREATE TABLE `leavetype` (
  `LType_ID` int(10) NOT NULL COMMENT 'รหัสประเภทการลา',
  `LTypeName` varchar(100) CHARACTER SET utf8 COLLATE utf8_general_ci NOT NULL COMMENT 'ชื่อประเภทการลา',
  `Number` int(10) DEFAULT NULL COMMENT 'จำนวนวันลา',
  `Remain` int(10) DEFAULT NULL COMMENT 'คงเหลือ',
  `AdvanceNotice` varchar(50) CHARACTER SET utf8 COLLATE utf8_general_ci DEFAULT NULL COMMENT 'แจ้งล่วงหน้า',
  `LOrdinal` int(10) DEFAULT NULL COMMENT 'จำนวนครั้งที่ลา',
  `QuotaStatus` tinyint(1) NOT NULL COMMENT 'สถานะสิทธิ์การลา',
  `Empstatus_ID` varchar(10) CHARACTER SET utf8 COLLATE utf8_general_ci NOT NULL COMMENT 'สถานะบุคลากร'
) ENGINE=InnoDB DEFAULT CHARSET=utf8mb4 COLLATE=utf8mb4_0900_ai_ci;

--
-- Dumping data for table `leavetype`
--

INSERT INTO `leavetype` (`LType_ID`, `LTypeName`, `Number`, `Remain`, `AdvanceNotice`, `LOrdinal`, `QuotaStatus`, `Empstatus_ID`) VALUES
(4001, 'ลาป่วย', 60, 60, 'ไม่ต้องแจ่งล่วงหน้า', 1, 1, '203'),
(4002, 'ลาป่วย', 60, 60, '-', 6, 1, '202'),
(4003, 'ลาป่วย', 15, 15, '-', 0, 1, '201'),
(4004, 'ลากิจ', 15, 15, '5', 0, 1, '203'),
(4005, 'ลากิจ', 15, 15, '-', 0, 1, '202'),
(4006, 'ลากิจ', 10, 10, '3', 0, 1, '201'),
(4007, 'ลาพักผ่อน', 10, 10, '7', 0, 1, '201');

-- --------------------------------------------------------

--
-- Table structure for table `officiate_day`
--

CREATE TABLE `officiate_day` (
  `Day_Work` date NOT NULL COMMENT 'วันที่มาทำงาน',
  `Status_Work` varchar(100) CHARACTER SET utf8 COLLATE utf8_general_ci NOT NULL COMMENT 'สถานนะ',
  `Emp_ID` varchar(20) CHARACTER SET utf8 COLLATE utf8_general_ci NOT NULL COMMENT 'รหัสพนักงาน',
  `Data` varchar(255) NOT NULL COMMENT 'สาเหตุ',
  `Day_ID` int(20) NOT NULL COMMENT 'รหัสวันมาทำงาน'
) ENGINE=InnoDB DEFAULT CHARSET=utf8mb4 COLLATE=utf8mb4_0900_ai_ci;

--
-- Dumping data for table `officiate_day`
--

INSERT INTO `officiate_day` (`Day_Work`, `Status_Work`, `Emp_ID`, `Data`, `Day_ID`) VALUES
('2020-01-04', 'มาทำงาน', '1000.11.170', '555', 1),
('2020-01-04', 'มาทำงาน', '1000.11.194', '555', 2),
('2020-01-04', 'มาทำงาน', '1000.14.172', '55555', 3),
('2020-01-04', 'มาทำงาน', '1000.14.178', '55555', 4),
('2020-01-04', 'มาทำงาน', '1000.2.184', '555454', 5),
('2020-01-04', 'มาทำงาน', '1000.2.188', 'jlkjkljklj', 6),
('2020-01-04', 'มาทำงาน', '1000.2.189', 'kljklj', 7),
('2020-01-04', 'มาทำงาน', '1000.2.190', 'kljkljkl', 8),
('2020-01-04', 'มาทำงาน', '1000.25.191', 'kljklj', 9),
('2020-01-04', 'มาทำงาน', '1000.27.186', 'kljklj', 10),
('2020-01-04', 'มาทำงาน', '1000.27.195', 'ljkkljkl', 11),
('2020-01-04', 'มาทำงาน', '1000.3.164', '', 12),
('2020-01-04', 'มาทำงาน', '1000.3.177', '', 13),
('2020-01-04', 'มาทำงาน', '1000.3.179', '', 14),
('2020-01-04', 'มาทำงาน', '1000.3.185', '', 15),
('2020-01-04', 'มาทำงาน', '1000.3.96', '', 16),
('2020-01-04', 'มาทำงาน', '1000.34.166', '', 17),
('2020-01-04', 'มาทำงาน', '1000.34.167', '', 18),
('2020-01-04', 'มาทำงาน', '1000.8.163', '', 19),
('2020-01-04', 'มาทำงาน', '1000.8.171', '', 20),
('2020-01-04', 'มาทำงาน', '1000.8.173', '', 21),
('2020-01-04', 'มาทำงาน', '1000.8.180', '', 22),
('2020-01-04', 'มาทำงาน', '1000.8.181', '', 23),
('2020-01-04', 'มาทำงาน', '1000.8.192', '', 24),
('2020-01-04', 'มาทำงาน', '1000.8.193', '', 25),
('2020-01-04', 'มาทำงาน', '1000.87.174', '', 26),
('2020-01-04', 'มาทำงาน', '1000.87.175', '', 27),
('2020-01-04', 'มาทำงาน', '13', '', 28),
('2020-01-04', 'มาทำงาน', '242', '', 29),
('2020-01-04', 'มาทำงาน', '256', '', 30),
('2020-01-04', 'มาทำงาน', '5229007.02', '', 31),
('2020-01-04', 'มาทำงาน', '5329018.02', '', 32),
('2020-01-04', 'มาทำงาน', '5329019.02', '', 33),
('2020-01-04', 'มาทำงาน', '5329020.02', '', 34),
('2020-01-04', 'มาทำงาน', '5329021.02', '', 35),
('2020-01-04', 'มาทำงาน', '5329022.02', '', 36),
('2020-01-04', 'มาทำงาน', '5329023.02', '', 37),
('2020-01-04', 'มาทำงาน', '5329032.02', '', 38),
('2020-01-04', 'มาทำงาน', '5329107', '', 39),
('2020-01-04', 'มาทำงาน', '5429012.02', '', 40),
('2020-01-04', 'มาทำงาน', '5429016.02', '', 41),
('2020-01-04', 'มาทำงาน', '5429017.02', '', 42),
('2020-01-04', 'มาทำงาน', '5429018.02', '', 43),
('2020-01-04', 'มาทำงาน', '5429024.02', '', 44),
('2020-01-04', 'มาทำงาน', '5429110', '', 45),
('2020-01-04', 'มาทำงาน', '5629020.02', '', 46),
('2020-01-04', 'มาทำงาน', '5629021.02', '', 47),
('2020-01-04', 'มาทำงาน', '5629022.02', '', 48),
('2020-01-04', 'มาทำงาน', '5829006.02', '', 49),
('2020-01-04', 'มาทำงาน', '5829011.02', '', 50),
('2020-01-04', 'มาทำงาน', '5829013.02', '', 51),
('2020-01-08', 'มาทำงาน', '1000.11.170', '555', 52),
('2020-01-08', 'มาทำงาน', '1000.11.194', '555', 53),
('2020-01-08', 'มาทำงาน', '1000.14.172', '55555', 54),
('2020-01-08', 'มาทำงาน', '1000.14.178', '55555', 55),
('2020-01-08', 'มาทำงาน', '1000.2.184', '555454', 56),
('2020-01-08', 'มาทำงาน', '1000.2.188', 'jlkjkljklj', 57),
('2020-01-08', 'มาทำงาน', '1000.2.189', 'kljklj', 58),
('2020-01-08', 'มาทำงาน', '1000.2.190', 'kljkljkl', 59),
('2020-01-08', 'มาทำงาน', '1000.25.191', 'kljklj', 60),
('2020-01-08', 'มาทำงาน', '1000.27.186', 'kljklj', 61),
('2020-01-08', 'มาทำงาน', '1000.27.195', 'ljkkljkl', 62),
('2020-01-08', 'มาทำงาน', '1000.3.164', '', 63),
('2020-01-08', 'มาทำงาน', '1000.3.177', '', 64),
('2020-01-08', 'มาทำงาน', '1000.3.179', '', 65),
('2020-01-08', 'มาทำงาน', '1000.3.185', '', 66),
('2020-01-08', 'มาทำงาน', '1000.3.96', '', 67),
('2020-01-08', 'มาทำงาน', '1000.34.166', '', 68),
('2020-01-08', 'มาทำงาน', '1000.34.167', '', 69),
('2020-01-08', 'มาทำงาน', '1000.8.163', '', 70),
('2020-01-08', 'มาทำงาน', '1000.8.171', '', 71),
('2020-01-08', 'มาทำงาน', '1000.8.173', '', 72),
('2020-01-08', 'มาทำงาน', '1000.8.180', '', 73),
('2020-01-08', 'มาทำงาน', '1000.8.181', '', 74),
('2020-01-08', 'มาทำงาน', '1000.8.192', '', 75),
('2020-01-08', 'มาทำงาน', '1000.8.193', '', 76),
('2020-01-08', 'มาทำงาน', '1000.87.174', '', 77),
('2020-01-08', 'มาทำงาน', '1000.87.175', '', 78),
('2020-01-08', 'มาทำงาน', '13', '', 79),
('2020-01-08', 'มาทำงาน', '242', '', 80),
('2020-01-08', 'มาทำงาน', '256', '', 81),
('2020-01-08', 'มาทำงาน', '5229007.02', '', 82),
('2020-01-08', 'มาทำงาน', '5329018.02', '', 83),
('2020-01-08', 'มาทำงาน', '5329019.02', '', 84),
('2020-01-08', 'มาทำงาน', '5329020.02', '', 85),
('2020-01-08', 'มาทำงาน', '5329021.02', '', 86),
('2020-01-08', 'มาทำงาน', '5329022.02', '', 87),
('2020-01-08', 'มาทำงาน', '5329023.02', '', 88),
('2020-01-08', 'มาทำงาน', '5329032.02', '', 89),
('2020-01-08', 'มาทำงาน', '5329107', '', 90),
('2020-01-08', 'มาทำงาน', '5429012.02', '', 91),
('2020-01-08', 'มาทำงาน', '5429016.02', '', 92),
('2020-01-08', 'มาทำงาน', '5429017.02', '', 93),
('2020-01-08', 'มาทำงาน', '5429018.02', '', 94),
('2020-01-08', 'มาทำงาน', '5429024.02', '', 95),
('2020-01-08', 'มาทำงาน', '5429110', '', 96),
('2020-01-08', 'มาทำงาน', '5629020.02', '', 97),
('2020-01-08', 'มาทำงาน', '5629021.02', '', 98),
('2020-01-08', 'มาทำงาน', '5629022.02', '', 99),
('2020-01-08', 'มาทำงาน', '5829006.02', '', 100),
('2020-01-08', 'มาทำงาน', '5829011.02', '', 101),
('2020-01-08', 'มาทำงาน', '5829013.02', '', 102),
('2020-01-17', 'มาทำงาน', '1000.11.170', '', 103),
('2020-01-17', 'มาทำงาน', '1000.11.194', '', 104),
('2020-01-17', 'มาทำงาน', '1000.14.172', '', 105),
('2020-01-17', 'มาทำงาน', '1000.14.178', '', 106),
('2020-01-17', 'มาทำงาน', '1000.2.184', '', 107),
('2020-01-17', 'มาทำงาน', '1000.2.188', '', 108),
('2020-01-17', 'มาทำงาน', '1000.2.189', '', 109),
('2020-01-17', 'มาทำงาน', '1000.2.190', '', 110),
('2020-01-17', 'มาทำงาน', '1000.25.191', '', 111),
('2020-01-17', 'มาทำงาน', '1000.27.186', '', 112),
('2020-01-17', 'มาทำงาน', '1000.27.195', '', 113),
('2020-01-17', 'มาทำงาน', '1000.3.164', '', 114),
('2020-01-17', 'มาทำงาน', '1000.3.177', '', 115),
('2020-01-17', 'มาทำงาน', '1000.3.179', '', 116),
('2020-01-17', 'มาทำงาน', '1000.3.185', '', 117),
('2020-01-17', 'มาทำงาน', '1000.3.96', '', 118),
('2020-01-17', 'มาทำงาน', '1000.34.166', '', 119),
('2020-01-17', 'มาทำงาน', '1000.34.167', '', 120),
('2020-01-17', 'มาทำงาน', '1000.8.163', '', 121),
('2020-01-17', 'มาทำงาน', '1000.8.171', '', 122),
('2020-01-17', 'มาทำงาน', '1000.8.173', '', 123),
('2020-01-17', 'มาทำงาน', '1000.8.180', '', 124),
('2020-01-17', 'มาทำงาน', '1000.8.181', '', 125),
('2020-01-17', 'มาทำงาน', '1000.8.192', '', 126),
('2020-01-17', 'มาทำงาน', '1000.8.193', '', 127),
('2020-01-17', 'มาทำงาน', '1000.87.174', '', 128),
('2020-01-17', 'มาทำงาน', '1000.87.175', '', 129),
('2020-01-17', 'มาทำงาน', '13', '', 130),
('2020-01-17', 'มาทำงาน', '242', '', 131),
('2020-01-17', 'มาทำงาน', '256', '', 132),
('2020-01-17', 'มาทำงาน', '5229007.02', '', 133),
('2020-01-17', 'มาทำงาน', '5329018.02', '', 134),
('2020-01-17', 'มาทำงาน', '5329019.02', '', 135),
('2020-01-17', 'มาทำงาน', '5329020.02', '', 136),
('2020-01-17', 'มาทำงาน', '5329021.02', '', 137),
('2020-01-17', 'มาทำงาน', '5329022.02', '', 138),
('2020-01-17', 'มาทำงาน', '5329023.02', '', 139),
('2020-01-17', 'มาทำงาน', '5329032.02', '', 140),
('2020-01-17', 'มาทำงาน', '5329107', '', 141),
('2020-01-17', 'มาทำงาน', '5429012.02', '', 142),
('2020-01-17', 'มาทำงาน', '5429016.02', '', 143),
('2020-01-17', 'มาทำงาน', '5429017.02', '', 144),
('2020-01-17', 'มาทำงาน', '5429018.02', '', 145),
('2020-01-17', 'มาทำงาน', '5429024.02', '', 146),
('2020-01-17', 'มาทำงาน', '5429110', '', 147),
('2020-01-17', 'มาทำงาน', '5629020.02', '', 148),
('2020-01-17', 'มาทำงาน', '5629021.02', '', 149),
('2020-01-17', 'มาทำงาน', '5629022.02', '', 150),
('2020-01-17', 'มาทำงาน', '5829006.02', '', 151),
('2020-01-17', 'มาทำงาน', '5829011.02', '', 152),
('2020-01-17', 'มาทำงาน', '5829013.02', '', 153);

-- --------------------------------------------------------

--
-- Table structure for table `position`
--

CREATE TABLE `position` (
  `Position_ID` varchar(10) NOT NULL COMMENT 'รหัสตำแหน่ง',
  `PositionName` varchar(100) NOT NULL COMMENT 'ชื่อตำแหน่ง',
  `Role` varchar(1) NOT NULL COMMENT 'สิทธิการข้าใช้'
) ENGINE=InnoDB DEFAULT CHARSET=utf8;

--
-- Dumping data for table `position`
--

INSERT INTO `position` (`Position_ID`, `PositionName`, `Role`) VALUES
('5001', 'ผู้อำนวยการสำนักวิทยบริการและเทคโนโลยีสารสนเทศ', '5'),
('5002', 'รองผู้อำนวยการฝ่ายบริหารงานทั่วไป', '4'),
('5003', 'รองผู้อำนวยการฝ่ายวิทยบริการ', '4'),
('5004', 'หัวหน้าสำนักงานผู้อำนวยการ', '3'),
('5005', 'หัวหน้างานเทคโนโลยีสารสนเทศ', '3'),
('5006', 'หัวหน้างานวิทยบริการ', '3'),
('5007', 'หัวหน้าบริหารงานทั่วไป', '3'),
('5008', 'หัวหน้าแผนกงานห้องสมุด', '2'),
('5009', 'หัวหน้าแผนกงานธุรการสำนักงาน', '2'),
('5010', 'หัวหน้าแผนกงานวิศวกรรมเครือข่าย', '2'),
('5011', 'หัวหน้าแผนกอีเลิร์นนิ่งและเทคโนโลยีสารสนเทศ', '2'),
('5012', 'หัวหน้าแผนกระบบสารสนเทศเพื่อการบริหาร', '2'),
('5013', 'หัวหน้าแผนกศูนย์การเรียนรู้ด้วยตนเอง', '2'),
('5014', 'นักวิชาการคอมพิวเตอร์', '1'),
('5015', 'ผู้ปฏิบัติงานบริหาร', '1'),
('5016', 'วิศวกร', '1'),
('5017', 'นักเอกสารสนเทศ', '1'),
('5018', 'เจ้าหน้าที่ห้องสมุด', '1'),
('5019', 'นักวิชาการศึกษา', '1'),
('5020', 'นักวิชาการโสตทัศนศึกษา', '1'),
('5021', 'บรรณารักษ์', '1'),
('5022', 'เจ้าหน้าที่บริหารงานทั่วไป', '1'),
('5023', 'ผู้ดูแลระบบ', '6');

-- --------------------------------------------------------

--
-- Table structure for table `sector`
--

CREATE TABLE `sector` (
  `Sector_ID` varchar(10) CHARACTER SET utf8 COLLATE utf8_general_ci NOT NULL COMMENT 'รหัสฝ่ายงาน',
  `SectorName` varchar(255) CHARACTER SET utf8 COLLATE utf8_general_ci NOT NULL COMMENT 'ชื่อฝ่ายงาน'
) ENGINE=InnoDB DEFAULT CHARSET=utf8mb4 COLLATE=utf8mb4_0900_ai_ci;

--
-- Dumping data for table `sector`
--

INSERT INTO `sector` (`Sector_ID`, `SectorName`) VALUES
('301', 'งานบริหารงานทั่วไป'),
('302', 'งานวิทยบริการ'),
('303', 'งานเทคโนโลยีสารสนเทศ');

--
-- Indexes for dumped tables
--

--
-- Indexes for table `department`
--
ALTER TABLE `department`
  ADD PRIMARY KEY (`Dept_ID`);

--
-- Indexes for table `employee`
--
ALTER TABLE `employee`
  ADD PRIMARY KEY (`Emp_ID`);

--
-- Indexes for table `employeestatus`
--
ALTER TABLE `employeestatus`
  ADD PRIMARY KEY (`Empstatus_ID`);

--
-- Indexes for table `leave`
--
ALTER TABLE `leave`
  ADD PRIMARY KEY (`Leave_ID`);

--
-- Indexes for table `leavetype`
--
ALTER TABLE `leavetype`
  ADD PRIMARY KEY (`LType_ID`);

--
-- Indexes for table `officiate_day`
--
ALTER TABLE `officiate_day`
  ADD PRIMARY KEY (`Day_ID`);

--
-- Indexes for table `position`
--
ALTER TABLE `position`
  ADD PRIMARY KEY (`Position_ID`);

--
-- Indexes for table `sector`
--
ALTER TABLE `sector`
  ADD PRIMARY KEY (`Sector_ID`);

--
-- AUTO_INCREMENT for dumped tables
--

--
-- AUTO_INCREMENT for table `leave`
--
ALTER TABLE `leave`
  MODIFY `Leave_ID` int(20) NOT NULL AUTO_INCREMENT COMMENT 'รหัสการลา', AUTO_INCREMENT=47;

--
-- AUTO_INCREMENT for table `officiate_day`
--
ALTER TABLE `officiate_day`
  MODIFY `Day_ID` int(20) NOT NULL AUTO_INCREMENT COMMENT 'รหัสวันมาทำงาน', AUTO_INCREMENT=154;
COMMIT;

/*!40101 SET CHARACTER_SET_CLIENT=@OLD_CHARACTER_SET_CLIENT */;
/*!40101 SET CHARACTER_SET_RESULTS=@OLD_CHARACTER_SET_RESULTS */;
/*!40101 SET COLLATION_CONNECTION=@OLD_COLLATION_CONNECTION */;
